{"cameraMode":{"drawMode":0,"name":"Shaded","section":"Shading Mode"},"sceneLighting":false,"audioPlay":false,"sceneViewState":{"m_AlwaysRefresh":false,"showFog":true,"showSkybox":false,"showFlares":true,"showImageEffects":true,"showParticleSystems":true,"showVisualEffectGraphs":true,"m_FxEnabled":true},"in2DMode":false,"pivot":{"x":-0.5255889892578125,"y":-366.9288024902344,"z":0.2968025207519531},"rotation":{"x":0.19656622409820558,"y":-0.22566629946231843,"z":0.04654615372419357,"w":0.9530442357063294},"size":376.62762451171877,"orthographic":false}